# archive-name	source-url
OpenJDK8U-jdk_x64_linux_hotspot_8u492b09.tar.gz	https://github.com/adoptium/temurin8-binaries/releases/download/jdk8u492-b09/OpenJDK8U-jdk_x64_linux_hotspot_8u492b09.tar.gz
OpenJDK17U-jdk_x64_linux_hotspot_17.0.20_8.tar.gz	https://github.com/adoptium/temurin17-binaries/releases/download/jdk-17.0.20%2B8/OpenJDK17U-jdk_x64_linux_hotspot_17.0.20_8.tar.gz
OpenJDK21U-jdk_x64_linux_hotspot_21.0.12_8.tar.gz	https://github.com/adoptium/temurin21-binaries/releases/download/jdk-21.0.12%2B8/OpenJDK21U-jdk_x64_linux_hotspot_21.0.12_8.tar.gz
apache-maven-3.9.16-bin.tar.gz	https://downloads.apache.org/maven/maven-3/3.9.16/binaries/apache-maven-3.9.16-bin.tar.gz
apache-maven-3.9.16-bin.tar.gz	https://archive.apache.org/dist/maven/maven-3/3.9.16/binaries/apache-maven-3.9.16-bin.tar.gz
wildfly-26.1.3.Final.tar.gz	https://github.com/wildfly/wildfly/releases/download/26.1.3.Final/wildfly-26.1.3.Final.tar.gz
wildfly-41.0.0.Final.tar.gz	https://github.com/wildfly/wildfly/releases/download/41.0.0.Final/wildfly-41.0.0.Final.tar.gz
h2-1.4.200.jar	https://repo.maven.apache.org/maven2/com/h2database/h2/1.4.200/h2-1.4.200.jar
h2-2.4.240.jar	https://repo.maven.apache.org/maven2/com/h2database/h2/2.4.240/h2-2.4.240.jar
